{"min": [-0.209199, -0.066713, -0.997989], "max": [0.257976, 0.056462, 0.867068]}